<?xml version="1.0" encoding="UTF-8" standalone="yes"?>
<contractCollector>
    <genericItem>
        <nodeName>ore.crushed.bif</nodeName>
    </genericItem>
    <genericItem>
        <nodeName>dust.bif</nodeName>
    </genericItem>
    <genericItem>
        <nodeName>slag.rich.bif</nodeName>
    </genericItem>
    <genericItem>
        <nodeName>ingot.pig.lowgrade.iron</nodeName>
        <oreDict>listIronLowQuality</oreDict>
    </genericItem>
    <genericItem>
        <nodeName>ingot.pig.iron</nodeName>
        <oreDict>listIronLowQuality</oreDict>
    </genericItem>
    <genericItem>
        <nodeName>ingot.pig.lowgrade.redshort.iron</nodeName>
        <oreDict>listIronLowQuality</oreDict>
    </genericItem>
    <genericItem>
        <nodeName>ingot.pig.redshort.iron</nodeName>
        <oreDict>listIronLowQuality</oreDict>
    </genericItem>
    <genericItem>
        <nodeName>dust.lodestone</nodeName>
    </genericItem>
    <genericItem>
        <nodeName>dust.hematite</nodeName>
    </genericItem>
    <genericItem>
        <nodeName>dust.nonmagnetic.ferric</nodeName>
    </genericItem>
    <rigidProcess>
        <nodeName>melt.dust.bif</nodeName>
        <IOPackage>ru.itaros.chemlab.hoe.io.HiTFurnaceIO</IOPackage>
        <in>
            <nodeName>dust.bif</nodeName>
            <meta>0</meta>
            <count>16</count>
        </in>
        <in>
            <nodeName>minecraft:coal</nodeName>
            <meta>0</meta>
            <count>1</count>
        </in>
        <out>
            <nodeName>ingot.pig.redshort.iron</nodeName>
            <count>1</count>
        </out>
        <power>1000</power>
        <time>100</time>
    </rigidProcess>
    <rigidProcess>
        <nodeName>melt.crushed.bif</nodeName>
        <IOPackage>ru.itaros.chemlab.hoe.io.HiTFurnaceIO</IOPackage>
        <in>
            <nodeName>ore.crushed.bif</nodeName>
            <meta>0</meta>
            <count>1</count>
        </in>
        <in>
            <nodeName>minecraft:coal</nodeName>
            <meta>0</meta>
            <count>1</count>
        </in>
        <out>
            <nodeName>ingot.pig.lowgrade.redshort.iron</nodeName>
            <count>1</count>
        </out>
        <power>1000</power>
        <time>100</time>
    </rigidProcess>
    <rigidProcess>
        <nodeName>melt.ore.bif</nodeName>
        <IOPackage>ru.itaros.chemlab.hoe.io.HiTFurnaceIO</IOPackage>
        <in>
            <nodeName>minecraft:iron_ore</nodeName>
            <meta>0</meta>
            <count>1</count>
        </in>
        <in>
            <nodeName>minecraft:coal</nodeName>
            <meta>0</meta>
            <count>1</count>
        </in>
        <out>
            <nodeName>ingot.pig.lowgrade.redshort.iron</nodeName>
            <count>1</count>
        </out>
        <power>1000</power>
        <time>100</time>
    </rigidProcess>
    <genericItem>
        <nodeName>dust.stone</nodeName>
    </genericItem>
    <genericItem>
        <nodeName>ore.crushed.lodestone</nodeName>
    </genericItem>
    <genericItem>
        <nodeName>dust.lowgrade.lodestone</nodeName>
    </genericItem>
    <genericItem>
        <nodeName>ingot.lodestone</nodeName>
    </genericItem>
    <rigidProcess>
        <nodeName>melt.dust.lowgrade.lodestone</nodeName>
        <IOPackage>ru.itaros.chemlab.hoe.io.HiTFurnaceIO</IOPackage>
        <in>
            <nodeName>dust.lowgrade.lodestone</nodeName>
            <meta>0</meta>
            <count>16</count>
        </in>
        <in>
            <nodeName>minecraft:coal</nodeName>
            <meta>0</meta>
            <count>1</count>
        </in>
        <out>
            <nodeName>ingot.pig.lowgrade.redshort.iron</nodeName>
            <count>1</count>
        </out>
        <power>1000</power>
        <time>100</time>
    </rigidProcess>
    <rigidProcess>
        <nodeName>melt.ore.lodestone</nodeName>
        <IOPackage>ru.itaros.chemlab.hoe.io.HiTFurnaceIO</IOPackage>
        <in>
            <nodeName>minecraft:iron_ore</nodeName>
            <meta>0</meta>
            <count>1</count>
        </in>
        <in>
            <nodeName>minecraft:coal</nodeName>
            <meta>0</meta>
            <count>1</count>
        </in>
        <out>
            <nodeName>ingot.pig.lowgrade.redshort.iron</nodeName>
            <count>1</count>
        </out>
        <power>1000</power>
        <time>100</time>
    </rigidProcess>
    <rigidProcess>
        <nodeName>crush.ore.lodestone</nodeName>
        <IOPackage>ru.itaros.chemlab.hoe.io.CrusherIO</IOPackage>
        <in>
            <nodeName>Femtocraft:BlockOreLodestone</nodeName>
            <meta>5</meta>
            <count>1</count>
        </in>
        <out>
            <nodeName>ore.crushed.lodestone</nodeName>
            <nodeName>ore.crushed.lodestone</nodeName>
            <count>1</count>
        </out>
        <power>1000</power>
        <time>100</time>
    </rigidProcess>
    <rigidProcess>
        <nodeName>centrifuge.lodestone</nodeName>
        <IOPackage>ru.itaros.chemlab.hoe.io.CentrifugalExtractorIO</IOPackage>
        <in>
            <nodeName>ore.crushed.lodestone</nodeName>
            <count>1</count>
        </in>
        <out>
            <nodeName>dust.lowgrade.lodestone</nodeName>
            <count>16</count>
        </out>
        <out>
            <nodeName>dust.stone</nodeName>
            <count>5</count>
        </out>
        <power>1000</power>
        <time>100</time>
    </rigidProcess>
    <rigidProcess>
        <nodeName>hirm.pig.iron</nodeName>
        <IOPackage>ru.itaros.chemlab.hoe.io.HiResistantMixerIO</IOPackage>
        <in>
            <nodeName>ingot.pig.iron</nodeName>
            <count>1</count>
        </in>
        <out>
            <nodeName>minecraft:iron_ingot</nodeName>
            <count>1</count>
        </out>
        <power>2500</power>
        <time>200</time>
    </rigidProcess>
    <rigidProcess>
        <nodeName>hirm.lowgrade.redshort.iron</nodeName>
        <IOPackage>ru.itaros.chemlab.hoe.io.HiResistantMixerIO</IOPackage>
        <in>
            <nodeName>ingot.pig.lowgrade.redshort.iron</nodeName>
            <count>1</count>
        </in>
        <in>
            <nodeName>dust.magnesium</nodeName>
            <count>5</count>
        </in>
        <out>
            <nodeName>ingot.pig.lowgrade.iron</nodeName>
            <count>1</count>
        </out>
        <power>2500</power>
        <time>200</time>
    </rigidProcess>
    <rigidProcess>
        <nodeName>hirm.pig.redshort.iron</nodeName>
        <IOPackage>ru.itaros.chemlab.hoe.io.HiResistantMixerIO</IOPackage>
        <in>
            <nodeName>ingot.pig.redshort.iron</nodeName>
            <count>1</count>
        </in>
        <in>
            <nodeName>dust.magnesium</nodeName>
            <count>5</count>
        </in>
        <out>
            <nodeName>ingot.pig.iron</nodeName>
            <count>1</count>
        </out>
        <power>2500</power>
        <time>200</time>
    </rigidProcess>
    <genericItem>
        <nodeName>dust.magnesium</nodeName>
    </genericItem>
    <genericItem>
        <nodeName>ore.crushed.magnesite</nodeName>
    </genericItem>
    <genericItem>
        <nodeName>chunk.lowgrade.ccm</nodeName>
    </genericItem>
    <genericItem>
        <nodeName>chunk.crushed.lowgrade.ccm</nodeName>
    </genericItem>
    <genericItem>
        <nodeName>dust.lowgrade.ccm</nodeName>
    </genericItem>
    <rigidProcess>
        <nodeName>crush.ore.magnesite</nodeName>
        <IOPackage>ru.itaros.chemlab.hoe.io.CrusherIO</IOPackage>
        <in>
            <nodeName>rockdigger:oreMagnesite</nodeName>
            <count>1</count>
            <meta>5</meta>
        </in>
        <out>
            <nodeName>ore.crushed.magnesite</nodeName>
            <count>1</count>
        </out>
        <power>2500</power>
        <time>200</time>
    </rigidProcess>
    <rigidProcess>
        <nodeName>melt.crushed.magnesite</nodeName>
        <IOPackage>ru.itaros.chemlab.hoe.io.HiTFurnaceIO</IOPackage>
        <in>
            <nodeName>ore.crushed.magnesite</nodeName>
            <count>1</count>
        </in>
        <in>
            <nodeName>minecraft:coal</nodeName>
            <count>1</count>
            <meta>1</meta>
        </in>
        <out>
            <nodeName>chunk.lowgrade.ccm</nodeName>
            <count>1</count>
        </out>
        <power>2500</power>
        <time>200</time>
    </rigidProcess>
    <rigidProcess>
        <nodeName>crush.lowgrade.ccm</nodeName>
        <IOPackage>ru.itaros.chemlab.hoe.io.CrusherIO</IOPackage>
        <in>
            <nodeName>chunk.lowgrade.ccm</nodeName>
            <count>1</count>
        </in>
        <out>
            <nodeName>chunk.crushed.lowgrade.ccm</nodeName>
            <count>1</count>
        </out>
        <power>500</power>
        <time>25</time>
    </rigidProcess>
    <rigidProcess>
        <nodeName>centrifuge.crushed.lowgrade.ccm</nodeName>
        <IOPackage>ru.itaros.chemlab.hoe.io.CentrifugalExtractorIO</IOPackage>
        <in>
            <nodeName>chunk.crushed.lowgrade.ccm</nodeName>
            <count>1</count>
        </in>
        <out>
            <nodeName>dust.lowgrade.ccm</nodeName>
            <count>16</count>
        </out>
        <out>
            <nodeName>dust.stone</nodeName>
            <count>3</count>
        </out>
        <power>500</power>
        <time>25</time>
    </rigidProcess>
    <rigidProcess>
        <nodeName>melt.lowgrade.ccm</nodeName>
        <IOPackage>ru.itaros.chemlab.hoe.io.HiTFurnaceIO</IOPackage>
        <in>
            <nodeName>dust.lowgrade.ccm</nodeName>
            <count>2</count>
        </in>
        <in>
            <nodeName>minecraft:coal</nodeName>
            <count>1</count>
            <meta>1</meta>
        </in>
        <out>
            <nodeName>dust.magnesium</nodeName>
            <count>2</count>
        </out>
        <power>5500</power>
        <time>600</time>
    </rigidProcess>
    <rigidProcess>
        <nodeName>melt.pig.lowgrade.redshort.iron</nodeName>
        <IOPackage>ru.itaros.chemlab.hoe.io.HiResistantMixerIO</IOPackage>
        <in>
            <nodeName>ingot.pig.lowgrade.redshort.iron</nodeName>
            <count>1</count>
        </in>
        <in>
            <nodeName>dust.magnesium</nodeName>
            <count>1</count>
            <meta>1</meta>
        </in>
        <out>
            <nodeName>ingot.pig.lowgrade.iron</nodeName>
            <count>1</count>
        </out>
        <power>1000</power>
        <time>300</time>
    </rigidProcess>
    <rigidProcess>
        <nodeName>hirm.pig.redshort.iron</nodeName>
        <IOPackage>ru.itaros.chemlab.hoe.io.HiResistantMixerIO</IOPackage>
        <in>
            <nodeName>ingot.pig.redshort.iron</nodeName>
            <count>1</count>
        </in>
        <in>
            <nodeName>dust.magnesium</nodeName>
            <count>1</count>
            <meta>1</meta>
        </in>
        <out>
            <nodeName>ingot.pig.iron</nodeName>
            <count>1</count>
        </out>
        <power>1000</power>
        <time>300</time>
    </rigidProcess>
    <genericItem>
        <nodeName>ingot.wrought.oxygenated.iron</nodeName>
        <oreDict>listIronLowQuality</oreDict>
    </genericItem>
    <rigidProcess>
        <nodeName>hirm.pig.lowgrade.iron</nodeName>
        <IOPackage>ru.itaros.chemlab.hoe.io.HiResistantMixerIO</IOPackage>
        <in>
            <nodeName>ingot.pig.lowgrade.iron</nodeName>
            <count>1</count>
        </in>
        <in>
            <nodeName>fluid.oxygen</nodeName>
            <count>250</count>
        </in>
        <out>
            <nodeName>ingot.wrought.oxygenated.iron</nodeName>
            <count>1</count>
        </out>
        <power>1000</power>
        <time>100</time>
    </rigidProcess>
    <genericItem>
        <nodeName>ore.crushed.chalcopyrite</nodeName>
    </genericItem>
    <genericItem>
        <nodeName>dust.chalcopyrite</nodeName>
    </genericItem>
    <genericItem>
        <nodeName>dust.silica</nodeName>
    </genericItem>
    <genericItem>
        <nodeName>ingot.chalcocite.pure</nodeName>
    </genericItem>
    <genericItem>
        <nodeName>ingot.slagous.copper</nodeName>
    </genericItem>
    <genericItem>
        <nodeName>dust.slagous.copper</nodeName>
    </genericItem>
    <genericItem>
        <nodeName>slag.ferrosilitic</nodeName>
    </genericItem>
    <genericItem>
        <nodeName>dust.copper</nodeName>
    </genericItem>
    <genericItem>
        <nodeName>ingot.copper</nodeName>
    </genericItem>
    <rigidProcess>
        <nodeName>crush.ore.chalcopyrite</nodeName>
        <IOPackage>ru.itaros.chemlab.hoe.io.CrusherIO</IOPackage>
        <in>
            <nodeName>rockdigger:oreChalcopyrite</nodeName>
            <count>1</count>
            <meta>2</meta>
        </in>
        <out>
            <nodeName>ore.crushed.chalcopyrite</nodeName>
            <count>1</count>
        </out>
        <power>1000</power>
        <time>100</time>
    </rigidProcess>
    <rigidProcess>
        <nodeName>gravmag.crushed.chalcopyrite</nodeName>
        <IOPackage>ru.itaros.chemlab.hoe.io.GravMagIO</IOPackage>
        <in>
            <nodeName>ore.crushed.chalcopyrite</nodeName>
            <count>1</count>
        </in>
        <out>
            <nodeName>dust.chalcopyrite</nodeName>
            <count>16</count>
        </out>
        <out>
            <nodeName>dust.stone</nodeName>
            <count>3</count>
        </out>
        <out>
            <nodeName>dust.nonmagnetic.ferric</nodeName>
            <count>1</count>
        </out>
        <power>5000</power>
        <time>500</time>
    </rigidProcess>
    <rigidProcess>
        <nodeName>hirm.dust.chalcopyrite</nodeName>
        <IOPackage>ru.itaros.chemlab.hoe.io.HiResistantMixerIO</IOPackage>
        <in>
            <nodeName>dust.chalcopyrite</nodeName>
            <count>16</count>
        </in>
        <in>
            <nodeName>dust.silica</nodeName>
            <count>16</count>
        </in>
        <in>
            <nodeName>fluid.oxygen</nodeName>
            <count>100</count>
        </in>
        <out>
            <nodeName>ingot.chalcocite.pure</nodeName>
            <count>3</count>
        </out>
        <power>2000</power>
        <time>500</time>
    </rigidProcess>
    <rigidProcess>
        <nodeName>hirm.pure.chalcopyrite</nodeName>
        <IOPackage>ru.itaros.chemlab.hoe.io.HiResistantMixerIO</IOPackage>
        <in>
            <nodeName>ingot.chalcocite.pure</nodeName>
            <count>3</count>
        </in>
        <in>
            <nodeName>fluid.oxygen</nodeName>
            <count>500</count>
        </in>
        <out>
            <nodeName>ingot.slagous.copper</nodeName>
            <count>3</count>
        </out>
        <power>1000</power>
        <time>500</time>
    </rigidProcess>
    <rigidProcess>
        <nodeName>crush.slagous.copper</nodeName>
        <IOPackage>ru.itaros.chemlab.hoe.io.CrusherIO</IOPackage>
        <in>
            <nodeName>ingot.slagous.copper</nodeName>
            <count>3</count>
        </in>
        <out>
            <nodeName>dust.slagous.copper</nodeName>
            <count>16</count>
        </out>
        <power>1000</power>
        <time>100</time>
    </rigidProcess>
    <rigidProcess>
        <nodeName>centrifuge.slagous.copper</nodeName>
        <IOPackage>ru.itaros.chemlab.hoe.io.CentrifugalExtractorIO</IOPackage>
        <in>
            <nodeName>dust.slagous.copper</nodeName>
            <count>16</count>
        </in>
        <out>
            <nodeName>dust.copper</nodeName>
            <count>16</count>
        </out>
        <out>
            <nodeName>slag.ferrosilitic</nodeName>
            <count>1</count>
        </out>
        <power>1000</power>
        <time>100</time>
    </rigidProcess>
    <rigidProcess>
        <nodeName>melt.dust.copper</nodeName>
        <IOPackage>ru.itaros.chemlab.hoe.io.HiTFurnaceIO</IOPackage>
        <in>
            <nodeName>dust.copper</nodeName>
            <count>16</count>
        </in>
        <out>
            <nodeName>ingot.copper</nodeName>
            <count>3</count>
        </out>
        <power>1000</power>
        <time>100</time>
    </rigidProcess>
</contractCollector>