<?xml version="1.0" encoding="UTF-8" standalone="yes"?>
<contractCollector>
    <genericItem>
        <nodeName>part.pcb.pad</nodeName>
    </genericItem>
    <genericItem>
        <nodeName>part.pcb.control</nodeName>
    </genericItem>
    <genericItem>
        <nodeName>part.screw</nodeName>
    </genericItem>
    <genericItem>
        <nodeName>part.frame</nodeName>
    </genericItem>
    <gridCrafting>
        <recipe>000|BBB|WWW</recipe>
        <result>
            <nodeName>part.pcb.pad</nodeName>
            <count>1</count>
        </result>
        <component>
            <literal>B</literal>
            <nodeName>minecraft:stone_button</nodeName>
            <count>1</count>
        </component>
        <component>
            <literal>W</literal>
            <nodeName>minecraft:wooden_slab</nodeName>
            <count>1</count>
        </component>
    </gridCrafting>
    <gridCrafting>
        <recipe>000|GGG|0P0</recipe>
        <result>
            <nodeName>part.pcb.control</nodeName>
            <count>1</count>
        </result>
        <component>
            <literal>G</literal>
            <nodeName>minecraft:gold_nugget</nodeName>
            <count>1</count>
        </component>
        <component>
            <literal>P</literal>
            <nodeName>part.pcb.pad</nodeName>
            <count>1</count>
        </component>
    </gridCrafting>
    <gridCrafting>
        <recipe>III|0I0|0I0</recipe>
        <result>
            <nodeName>part.screw</nodeName>
            <count>20</count>
        </result>
        <component>
            <literal>I</literal>
            <oreDict>listIronLowQuality</oreDict>
            <count>1</count>
        </component>
    </gridCrafting>
    <gridCrafting>
        <recipe>III|I0I|III</recipe>
        <result>
            <nodeName>part.frame</nodeName>
            <count>1</count>
        </result>
        <component>
            <literal>I</literal>
            <oreDict>listIronLowQuality</oreDict>
            <count>1</count>
        </component>
    </gridCrafting>
    <gridCrafting>
        <recipe>SPS|SFS|SSS</recipe>
        <result>
            <nodeName>chemlab:tile.component.machinecasing</nodeName>
            <count>1</count>
        </result>
        <component>
            <literal>F</literal>
            <nodeName>part.frame</nodeName>
            <count>1</count>
        </component>
        <component>
            <literal>S</literal>
            <nodeName>part.screw</nodeName>
            <count>1</count>
        </component>
        <component>
            <literal>P</literal>
            <nodeName>part.pcb.control</nodeName>
            <count>1</count>
        </component>
    </gridCrafting>
    <genericItem>
        <nodeName>part.gear.wood</nodeName>
    </genericItem>
    <genericItem>
        <nodeName>part.gear.iron</nodeName>
    </genericItem>
    <genericItem>
        <nodeName>mold.clay.gear</nodeName>
    </genericItem>
    <gridCrafting>
        <recipe>0S0|S0S|0S0</recipe>
        <result>
            <nodeName>part.gear.wood</nodeName>
            <count>1</count>
        </result>
        <component>
            <literal>S</literal>
            <nodeName>minecraft:stick</nodeName>
            <count>1</count>
        </component>
    </gridCrafting>
    <gridCrafting>
        <recipe>000|0O0|0S0</recipe>
        <result>
            <nodeName>mold.clay.gear</nodeName>
            <count>1</count>
        </result>
        <component>
            <literal>O</literal>
            <nodeName>part.gear.wood</nodeName>
            <count>1</count>
        </component>
        <component>
            <literal>S</literal>
            <oreDict>oreKaolinite</oreDict>
            <count>1</count>
        </component>
    </gridCrafting>
    <gridCrafting>
        <recipe>000|0I0|0M0</recipe>
        <result>
            <nodeName>part.gear.iron</nodeName>
            <count>1</count>
        </result>
        <component>
            <literal>I</literal>
            <oreDict>listIronLowQuality</oreDict>
            <count>1</count>
        </component>
        <component>
            <literal>M</literal>
            <nodeName>mold.clay.gear</nodeName>
            <count>1</count>
        </component>
    </gridCrafting>
    <genericItem>
        <nodeName>part.grindinggear</nodeName>
    </genericItem>
    <gridCrafting>
        <recipe>FSF|SGS|FSF</recipe>
        <result>
            <nodeName>part.grindinggear</nodeName>
            <count>1</count>
        </result>
        <component>
            <literal>G</literal>
            <nodeName>part.gear.iron</nodeName>
            <count>1</count>
        </component>
        <component>
            <literal>S</literal>
            <nodeName>minecraft:stone</nodeName>
            <count>1</count>
        </component>
        <component>
            <literal>F</literal>
            <nodeName>part.screw</nodeName>
            <count>1</count>
        </component>
    </gridCrafting>
    <gridCrafting>
        <recipe>GGG|SCS|SSS</recipe>
        <result>
            <nodeName>chemlab:tile.machine.crusher</nodeName>
            <count>1</count>
        </result>
        <component>
            <literal>C</literal>
            <nodeName>chemlab:tile.component.machinecasing</nodeName>
            <count>1</count>
        </component>
        <component>
            <literal>G</literal>
            <nodeName>part.grindinggear</nodeName>
            <count>1</count>
        </component>
        <component>
            <literal>S</literal>
            <nodeName>part.screw</nodeName>
            <count>1</count>
        </component>
    </gridCrafting>
    <gridCrafting>
        <recipe>SSS|FCF|SSS</recipe>
        <result>
            <nodeName>chemlab:tile.machine.furnace</nodeName>
            <count>1</count>
        </result>
        <component>
            <literal>C</literal>
            <nodeName>chemlab:tile.component.machinecasing</nodeName>
            <count>1</count>
        </component>
        <component>
            <literal>F</literal>
            <nodeName>minecraft:furnace</nodeName>
            <count>1</count>
        </component>
        <component>
            <literal>S</literal>
            <nodeName>part.screw</nodeName>
            <count>1</count>
        </component>
    </gridCrafting>
    <genericItem>
        <nodeName>part.magnet.weak</nodeName>
    </genericItem>
    <genericItem>
        <nodeName>part.assembly.magnetic</nodeName>
    </genericItem>
    <gridCrafting>
        <recipe>MMM|SSS|MMM</recipe>
        <result>
            <nodeName>part.assembly.magnetic</nodeName>
            <count>1</count>
        </result>
        <component>
            <literal>M</literal>
            <nodeName>part.magnet.weak</nodeName>
            <count>1</count>
        </component>
        <component>
            <literal>S</literal>
            <nodeName>part.screw</nodeName>
            <count>1</count>
        </component>
    </gridCrafting>
    <gridCrafting>
        <recipe>M0M|M0M|MMM</recipe>
        <result>
            <nodeName>part.magnet.weak</nodeName>
            <count>1</count>
        </result>
        <component>
            <literal>M</literal>
            <nodeName>ingot.lodestone</nodeName>
            <count>1</count>
        </component>
    </gridCrafting>
    <gridCrafting>
        <recipe>ASA|ACA|ASA</recipe>
        <result>
            <nodeName>chemlab:tile.machine.gravmag</nodeName>
            <count>1</count>
        </result>
        <component>
            <literal>C</literal>
            <nodeName>chemlab:tile.component.machinecasing</nodeName>
            <count>1</count>
        </component>
        <component>
            <literal>A</literal>
            <nodeName>part.assembly.magnetic</nodeName>
            <count>1</count>
        </component>
        <component>
            <literal>S</literal>
            <nodeName>part.screw</nodeName>
            <count>1</count>
        </component>
    </gridCrafting>
    <genericItem>
        <nodeName>part.drive</nodeName>
    </genericItem>
    <genericItem>
        <nodeName>part.chamber</nodeName>
    </genericItem>
    <gridCrafting>
        <recipe>I0I|I0I|III</recipe>
        <result>
            <nodeName>part.chamber</nodeName>
            <count>1</count>
        </result>
        <component>
            <literal>I</literal>
            <oreDict>listIronLowQuality</oreDict>
            <count>1</count>
        </component>
    </gridCrafting>
    <gridCrafting>
        <recipe>0S0|CSM|MSM</recipe>
        <result>
            <nodeName>part.drive</nodeName>
            <count>1</count>
        </result>
        <component>
            <literal>M</literal>
            <nodeName>part.assembly.magnetic</nodeName>
            <count>1</count>
        </component>
        <component>
            <literal>S</literal>
            <nodeName>minecraft:stick</nodeName>
            <count>1</count>
        </component>
        <component>
            <literal>C</literal>
            <nodeName>part.pcb.control</nodeName>
            <count>1</count>
        </component>
    </gridCrafting>
    <gridCrafting>
        <recipe>0S0|MSC|MSM</recipe>
        <result>
            <nodeName>part.drive</nodeName>
            <count>1</count>
        </result>
        <component>
            <literal>M</literal>
            <nodeName>part.assembly.magnetic</nodeName>
            <count>1</count>
        </component>
        <component>
            <literal>S</literal>
            <nodeName>minecraft:stick</nodeName>
            <count>1</count>
        </component>
        <component>
            <literal>C</literal>
            <nodeName>part.pcb.control</nodeName>
            <count>1</count>
        </component>
    </gridCrafting>
    <gridCrafting>
        <recipe>SHS|SCS|SDS</recipe>
        <result>
            <nodeName>chemlab:tile.machine.centrifugalextractor</nodeName>
            <count>1</count>
        </result>
        <component>
            <literal>C</literal>
            <nodeName>chemlab:tile.component.machinecasing</nodeName>
            <count>1</count>
        </component>
        <component>
            <literal>H</literal>
            <nodeName>part.chamber</nodeName>
            <count>1</count>
        </component>
        <component>
            <literal>S</literal>
            <nodeName>part.screw</nodeName>
            <count>1</count>
        </component>
        <component>
            <literal>D</literal>
            <nodeName>part.drive</nodeName>
            <count>1</count>
        </component>
    </gridCrafting>
</contractCollector>